time,loss
0.369534969329834,2.3149802684783936
0.3856973648071289,2.2987399101257324
0.4004952907562256,2.264782190322876
0.415219783782959,2.2593421936035156
0.43000340461730957,2.205718517303467
0.44513463973999023,2.230473041534424
0.4599318504333496,2.1255764961242676
0.4744572639465332,2.061216354370117
0.4891488552093506,2.034841299057007
0.503544807434082,1.9595153331756592
0.5179011821746826,1.9326540231704712
0.5322914123535156,1.832350492477417
0.5471198558807373,1.7787213325500488
0.5617227554321289,1.6747395992279053
0.5761237144470215,1.6192277669906616
0.5904984474182129,1.5349366664886475
0.6050388813018799,1.351014256477356
0.6197183132171631,1.2354719638824463
0.6341469287872314,1.3355062007904053
0.6487555503845215,1.1669371128082275
0.6633496284484863,1.025740623474121
0.678095817565918,1.012476921081543
0.692711591720581,0.9581171274185181
0.7072775363922119,0.9145858287811279
0.7216765880584717,0.8715375661849976
0.7361836433410645,0.9354383945465088
0.7505955696105957,0.6815900802612305
0.7651350498199463,0.6425539255142212
0.7797329425811768,0.7163606882095337
0.7942483425140381,0.5845459699630737
0.8086481094360352,0.674202561378479
0.8229825496673584,0.6444346904754639
0.8373744487762451,0.4991115927696228
0.8519861698150635,0.728833794593811
0.8666982650756836,0.6040050387382507
0.8811519145965576,0.5359779596328735
0.8958425521850586,0.5325522422790527
0.9102232456207275,0.49274447560310364
0.9246184825897217,0.4728192389011383
0.9390444755554199,0.33291807770729065
0.9535825252532959,0.43119966983795166
0.9683918952941895,0.5624890923500061
0.9832210540771484,0.46135014295578003
0.9981610774993896,0.5611155033111572
1.0128698348999023,0.38227027654647827
1.0276553630828857,0.560978353023529
1.0423338413238525,0.6528480648994446
1.056900978088379,0.44227784872055054
1.0714993476867676,0.41490593552589417
1.086104154586792,0.43730562925338745
1.1011013984680176,0.3188081681728363
1.1161243915557861,0.3504781424999237
1.130763053894043,0.4546874165534973
1.1452820301055908,0.4151768982410431
1.1598355770111084,0.4504774808883667
1.1744074821472168,0.34161823987960815
1.1890175342559814,0.31133338809013367
1.203624963760376,0.42010799050331116
1.2182466983795166,0.39797595143318176
1.2330317497253418,0.3301071226596832
1.2477397918701172,0.36310580372810364
1.2623295783996582,0.400680810213089
1.2770137786865234,0.4056421220302582
1.291694164276123,0.3689001798629761
1.30631422996521,0.3294887840747833
1.3210313320159912,0.3179979622364044
1.3357434272766113,0.3318006098270416
1.3503434658050537,0.3745710253715515
1.3648829460144043,0.1611512154340744
1.3795368671417236,0.2594375014305115
1.3940906524658203,0.2905661463737488
1.408682107925415,0.3606725037097931
1.423426628112793,0.36417073011398315
1.4380817413330078,0.3884909451007843
1.4527673721313477,0.37515145540237427
1.467646598815918,0.4533047378063202
1.482381820678711,0.27938544750213623
1.4970879554748535,0.35989388823509216
1.5117075443267822,0.3686572313308716
1.5263445377349854,0.2602684497833252
1.5408411026000977,0.34507834911346436
1.555382490158081,0.27146390080451965
1.5699067115783691,0.3519730865955353
1.5844664573669434,0.41666311025619507
1.5991852283477783,0.2516852021217346
1.6137518882751465,0.2563413381576538
1.628495693206787,0.26222383975982666
1.6431457996368408,0.3856644332408905
1.6577742099761963,0.17819054424762726
1.6723697185516357,0.17029690742492676
1.6869475841522217,0.29896560311317444
1.7017314434051514,0.2686544358730316
1.7163934707641602,0.3353816866874695
1.730879783630371,0.2164054960012436
1.7454712390899658,0.35251277685165405
1.7600171566009521,0.2645057141780853
1.774435043334961,0.24957767128944397
1.7889597415924072,0.2202657014131546
1.8035974502563477,0.1992252916097641
1.818143606185913,0.31347477436065674
1.8326420783996582,0.23266391456127167
1.8470909595489502,0.15907491743564606
1.8615741729736328,0.3180564343929291
1.8761820793151855,0.21636183559894562
1.8906896114349365,0.23607560992240906
1.9052040576934814,0.24095073342323303
1.9197056293487549,0.2936289608478546
1.934412956237793,0.22553609311580658
1.9490599632263184,0.1827440857887268
1.963796854019165,0.10233549028635025
1.9783885478973389,0.23334157466888428
1.9929420948028564,0.156511127948761
2.0073423385620117,0.23798216879367828
2.0218656063079834,0.15701770782470703
2.0363380908966064,0.13626839220523834
2.0508620738983154,0.23552767932415009
2.065507650375366,0.19587795436382294
2.079996347427368,0.21391575038433075
2.0947797298431396,0.24346216022968292
2.109546661376953,0.2009952962398529
2.1240782737731934,0.31055599451065063
2.1387240886688232,0.19652023911476135
2.153172731399536,0.3083459138870239
2.1676266193389893,0.13610848784446716
2.182265043258667,0.1815442591905594
2.1967833042144775,0.3091755211353302
2.2113428115844727,0.16109086573123932
2.2257204055786133,0.21204710006713867
2.2401716709136963,0.1948602795600891
2.254533529281616,0.24053920805454254
2.268949508666992,0.05969121307134628
2.2833540439605713,0.22516851127147675
2.2977426052093506,0.2533736228942871
2.312084913253784,0.23387989401817322
2.3264410495758057,0.17299915850162506
2.3409159183502197,0.19699260592460632
2.35549259185791,0.18207234144210815
2.369861125946045,0.17992906272411346
2.384294033050537,0.14646120369434357
2.3987300395965576,0.2302478402853012
2.413339614868164,0.3437896966934204
2.4278364181518555,0.15877532958984375
2.442322254180908,0.12785102427005768
2.4568581581115723,0.21114329993724823
2.4714348316192627,0.28160789608955383
2.4859812259674072,0.17810940742492676
2.5006747245788574,0.10785917192697525
2.5152618885040283,0.17691978812217712
2.529879331588745,0.07512936741113663
2.544532299041748,0.16064777970314026
2.559095621109009,0.23747025430202484
2.573751449584961,0.21413540840148926
2.5883030891418457,0.18228790163993835
2.602783441543579,0.13936233520507812
2.6172432899475098,0.2136322408914566
2.631678581237793,0.11167262494564056
2.646141529083252,0.08790048956871033
2.6606361865997314,0.14948105812072754
2.6750924587249756,0.15129876136779785
2.6897799968719482,0.11805171519517899
2.7045788764953613,0.22441846132278442
2.719076156616211,0.16472603380680084
2.7337124347686768,0.20702451467514038
2.7483465671539307,0.10208266973495483
2.7628252506256104,0.17678925395011902
2.777315378189087,0.16816501319408417
2.791795492172241,0.15253682434558868
2.8064324855804443,0.14370152354240417
2.820970296859741,0.12408636510372162
2.8355069160461426,0.17977043986320496
2.8499882221221924,0.10420720279216766
2.8645811080932617,0.09873194247484207
2.8790833950042725,0.16370904445648193
2.8936586380004883,0.17922209203243256
2.9083638191223145,0.1295783519744873
2.922964572906494,0.21523907780647278
2.9375059604644775,0.11377133429050446
2.952072858810425,0.1360122710466385
2.966580390930176,0.1917087435722351
2.981257200241089,0.11070471256971359
2.995806932449341,0.1434430032968521
3.0106704235076904,0.08753873407840729
3.02536940574646,0.13040190935134888
3.0399882793426514,0.21080520749092102
3.0546071529388428,0.1400761902332306
3.069563150405884,0.15733502805233002
3.084463119506836,0.26350757479667664
3.1005051136016846,0.16947507858276367
3.1153016090393066,0.082220658659935
3.1303365230560303,0.09541475772857666
3.1448800563812256,0.10749340802431107
3.159494638442993,0.11274275183677673
3.174053430557251,0.23279336094856262
3.188713788986206,0.13684193789958954
3.203219413757324,0.18721793591976166
3.2179598808288574,0.08851685374975204
3.232516050338745,0.15942136943340302
3.2470052242279053,0.10029232501983643
3.261522054672241,0.16093935072422028
3.276017427444458,0.14845412969589233
3.290512800216675,0.13666683435440063
3.3050527572631836,0.12422118335962296
3.3196074962615967,0.1707671731710434
3.3341445922851562,0.10285305976867676
3.348799467086792,0.18029563128948212
3.3634910583496094,0.057515550404787064
3.3781676292419434,0.05996788293123245
3.3929386138916016,0.1843356490135193
3.4078567028045654,0.055939484387636185
3.4224777221679688,0.11623364686965942
3.4372127056121826,0.09449728578329086
3.451826810836792,0.1177336573600769
3.466413736343384,0.20615103840827942
3.4811675548553467,0.08792386949062347
3.4958279132843018,0.09054891020059586
3.5104637145996094,0.08464370667934418
3.5252397060394287,0.11447370797395706
3.5399696826934814,0.15029847621917725
3.5546233654022217,0.1565207839012146
3.5692691802978516,0.14232102036476135
3.583906650543213,0.1690116822719574
3.598599672317505,0.12068776041269302
3.6132607460021973,0.10341306030750275
3.627990484237671,0.09389675408601761
3.64257550239563,0.11705358326435089
3.6571059226989746,0.08004466444253922
3.671534776687622,0.07772578299045563
3.685971736907959,0.13340632617473602
3.700441598892212,0.13454897701740265
3.7150187492370605,0.16265276074409485
3.7295238971710205,0.14086602628231049
3.7440907955169678,0.0718090683221817
3.7584123611450195,0.12647849321365356
3.7729244232177734,0.09724783152341843
3.787519931793213,0.08520539104938507
3.8019585609436035,0.10411065816879272
3.8164491653442383,0.10976650565862656
3.83083438873291,0.09460140764713287
3.8453454971313477,0.12581592798233032
3.859874725341797,0.132803276181221
3.8745346069335938,0.05052320286631584
3.8892698287963867,0.08744081854820251
3.9038784503936768,0.10966832935810089
3.9183154106140137,0.1180228516459465
3.932831048965454,0.21796563267707825
3.947284460067749,0.09881224483251572
3.9621543884277344,0.07196635752916336
3.976884126663208,0.04906218498945236
3.9915692806243896,0.055572979152202606
4.006121635437012,0.14721253514289856
4.020830869674683,0.09208367764949799
4.0353264808654785,0.2437392771244049
4.049866676330566,0.16964134573936462
4.064630031585693,0.09164447337388992
4.079096555709839,0.12054736167192459
4.093924045562744,0.12644065916538239
4.108672142028809,0.16278134286403656
4.1232523918151855,0.14968855679035187
4.13791298866272,0.07916713505983353
4.152563095092773,0.11231181025505066
4.167258262634277,0.11868619173765182
4.18208384513855,0.08398707211017609
4.196723222732544,0.16924206912517548
4.211450576782227,0.12523262202739716
4.226079225540161,0.1170017421245575
4.240692615509033,0.12176499515771866
4.255357980728149,0.10496523976325989
4.27000880241394,0.07861731201410294
4.284636497497559,0.09213607013225555
4.299229621887207,0.15468841791152954
4.313955783843994,0.04445801302790642
4.328794956207275,0.12198244780302048
4.343577146530151,0.07956584542989731
4.358354568481445,0.14973068237304688
4.373088598251343,0.08093872666358948
4.387854099273682,0.15044322609901428
4.402722597122192,0.10867369920015335
4.417667865753174,0.13167963922023773
4.432590961456299,0.1236642450094223
4.447506904602051,0.03167130425572395
4.462320566177368,0.033036962151527405
4.477097034454346,0.20714786648750305
4.491886854171753,0.09058882296085358
4.5064697265625,0.12621432542800903
4.521054983139038,0.0650557205080986
4.535688877105713,0.12941974401474
4.55026912689209,0.0924096405506134
4.564924955368042,0.0725037083029747
4.579529285430908,0.034061335027217865
4.594080209732056,0.18798942863941193
4.60866904258728,0.11819884181022644
4.623265266418457,0.15537506341934204
4.637782573699951,0.11281029134988785
4.652255296707153,0.18386554718017578
4.666859149932861,0.1168302446603775
4.681518077850342,0.06004970893263817
4.696056842803955,0.07869390398263931
4.710546493530273,0.06510557234287262
4.72510290145874,0.1345067322254181
4.739782810211182,0.027290796861052513
4.7543699741363525,0.0931401252746582
4.768918514251709,0.13834348320960999
4.783411741256714,0.060860175639390945
4.797955274581909,0.16710759699344635
4.8126208782196045,0.04479392245411873
4.827106237411499,0.03622147813439369
4.841574430465698,0.048348039388656616
4.856063365936279,0.1224907785654068
4.870551586151123,0.08095607161521912
4.885019063949585,0.058276381343603134
4.899527549743652,0.10795619338750839
4.914058685302734,0.06565778702497482
4.928490877151489,0.1019720658659935
4.943028926849365,0.12272274494171143
4.957556962966919,0.03269961103796959
4.972059011459351,0.0587947778403759
4.986712217330933,0.03478052467107773
5.001383304595947,0.06542589515447617
5.015847444534302,0.04524319991469383
5.030299425125122,0.028411954641342163
5.044751405715942,0.052710115909576416
5.059357643127441,0.22292768955230713
5.073958873748779,0.10045543313026428
5.0885329246521,0.08170649409294128
5.102967977523804,0.0756930410861969
5.117394924163818,0.039785176515579224
5.131985902786255,0.0541347861289978
5.146539688110352,0.09858478605747223
5.160985946655273,0.1110890656709671
5.175539493560791,0.08971787244081497
5.190011024475098,0.07985605299472809
5.204430103302002,0.11207358539104462
5.218828439712524,0.10632622987031937
5.233272314071655,0.056033942848443985
5.2477335929870605,0.03556620702147484
5.262170791625977,0.059795498847961426
5.276627779006958,0.14475931227207184
5.2910192012786865,0.06162433326244354
5.305596828460693,0.09097632020711899
5.320007801055908,0.056723859161138535
5.33444356918335,0.05274225398898125
5.34893274307251,0.19253568351268768
5.363496780395508,0.09887118637561798
5.37786602973938,0.05402106046676636
5.392301559448242,0.05599503219127655
5.406835079193115,0.06319659948348999
5.421501874923706,0.0452364943921566
5.436030626296997,0.06771562248468399
5.450526714324951,0.08477840572595596
5.4650304317474365,0.02421928197145462
5.4796178340911865,0.053394366055727005
5.494260549545288,0.03583938255906105
5.508915424346924,0.11115668714046478
5.52335786819458,0.14818806946277618
5.537865400314331,0.09511436522006989
5.5524513721466064,0.07714205980300903
5.567004919052124,0.07820654660463333
5.581601619720459,0.11139551550149918
5.596243143081665,0.12499730288982391
5.610743284225464,0.12855614721775055
5.625394582748413,0.07240799069404602
5.640023708343506,0.07123374193906784
5.654777765274048,0.06252610683441162
5.6693315505981445,0.09021779149770737
5.68410062789917,0.14612308144569397
5.698741674423218,0.09213051944971085
5.713443040847778,0.10183132439851761
5.727996349334717,0.041969217360019684
5.742519855499268,0.053293585777282715
5.7570884227752686,0.15880624949932098
5.771703481674194,0.036812297999858856
5.7865965366363525,0.037874992936849594
5.801156520843506,0.1125432550907135
5.81570839881897,0.09350121021270752
5.830204725265503,0.04639163985848427
5.844767093658447,0.07100837677717209
5.859362363815308,0.16119855642318726
5.873889684677124,0.04719669371843338
5.88852858543396,0.09633827954530716
5.903144359588623,0.08433615416288376
5.9176926612854,0.12959572672843933
5.932307720184326,0.07351822406053543
5.946838617324829,0.14420601725578308
5.961336135864258,0.05441565811634064
5.975774526596069,0.056104905903339386
5.990133762359619,0.16933651268482208
6.004733085632324,0.0881052315235138
6.019096612930298,0.12236384302377701
6.033605337142944,0.031072430312633514
6.048060655593872,0.08861391991376877
6.062480688095093,0.06253683567047119
6.076904773712158,0.04791286587715149
6.091589450836182,0.09700869023799896
6.106133460998535,0.048880066722631454
6.120546340942383,0.06358306109905243
6.134999752044678,0.19205328822135925
6.149593114852905,0.06998322159051895
6.164155960083008,0.03588078171014786
6.178553581237793,0.08278876543045044
6.193131685256958,0.06591665744781494
6.207582950592041,0.08477403968572617
6.221980094909668,0.10031536221504211
6.236394166946411,0.0564153678715229
6.250749588012695,0.10025793313980103
6.26521372795105,0.13160200417041779
6.279706239700317,0.03208906948566437
6.294122934341431,0.06311533600091934
6.308633804321289,0.12993164360523224
6.323110818862915,0.10421931743621826
6.337564706802368,0.02862955629825592
6.352048635482788,0.05821087956428528
6.366688013076782,0.048861972987651825
6.381224632263184,0.08435850590467453
6.395766258239746,0.09642097353935242
6.410317659378052,0.09720034152269363
6.424889087677002,0.08013755828142166
6.439503192901611,0.10624617338180542
6.454042434692383,0.06536399573087692
6.468736171722412,0.019298406317830086
6.48330283164978,0.036630779504776
6.498011350631714,0.08934471756219864
6.512478590011597,0.05082423985004425
6.526930093765259,0.11927385628223419
6.541501998901367,0.07442012429237366
6.556177616119385,0.01778961531817913
6.570695877075195,0.1526142805814743
6.58516001701355,0.059796687215566635
6.599700450897217,0.07214498519897461
6.614148855209351,0.04708486795425415
6.62876296043396,0.033100567758083344
6.64327597618103,0.0725146159529686
6.657730340957642,0.1248357892036438
6.672240257263184,0.11652860045433044
6.6868133544921875,0.1007297933101654
6.701526403427124,0.0808040052652359
6.715973854064941,0.14957495033740997
6.730433702468872,0.11369772255420685
6.74489426612854,0.0373891182243824
6.7595202922821045,0.0581560879945755
6.774126768112183,0.07876067608594894
6.78865385055542,0.0709448903799057
6.803216457366943,0.07603950053453445
6.817872047424316,0.06749924272298813
6.832590103149414,0.04376376420259476
6.84712028503418,0.08069848269224167
6.861707448959351,0.12287957221269608
6.876124858856201,0.12619414925575256
6.890559911727905,0.07507269829511642
6.905138254165649,0.056475427001714706
6.919611215591431,0.03450613096356392
6.9342041015625,0.03638366609811783
6.949004411697388,0.06644631922245026
6.963682651519775,0.07610542327165604
6.978445291519165,0.0737912505865097
6.993035554885864,0.0940856859087944
7.007678508758545,0.08966178447008133
7.022235155105591,0.09876783937215805
7.036809682846069,0.1256880760192871
7.051337003707886,0.03637794777750969
7.065824031829834,0.13158045709133148
7.080363512039185,0.09579150378704071
7.094972133636475,0.10950744152069092
7.109555006027222,0.06280028820037842
7.124044179916382,0.06076373904943466
7.138538360595703,0.03735675662755966
7.153051137924194,0.12866461277008057
7.167620658874512,0.06264885514974594
7.182011604309082,0.13561320304870605
7.201822757720947,0.05997895076870918
7.22027587890625,0.06740617752075195
7.23633599281311,0.1131950095295906
7.251384735107422,0.049373380839824677
7.2701990604400635,0.16635508835315704
7.284739017486572,0.08592396974563599
7.29913592338562,0.052217721939086914
7.313600063323975,0.06075690686702728
7.328072786331177,0.07447642087936401
7.342506647109985,0.06431485712528229
7.357199430465698,0.08058689534664154
7.371984243392944,0.03402344509959221
7.386610984802246,0.10265586525201797
7.40134596824646,0.07769124954938889
7.41572904586792,0.038312871009111404
7.430209159851074,0.05603965371847153
7.444605827331543,0.05662163347005844
7.459011077880859,0.10044707357883453
7.473371982574463,0.07834037393331528
7.4877941608428955,0.030066629871726036
7.502161979675293,0.07567042857408524
7.5168139934539795,0.20139090716838837
7.531188488006592,0.11471498012542725
7.545616865158081,0.09511392563581467
7.56002140045166,0.0895010307431221
7.574454307556152,0.06915561854839325
7.5889363288879395,0.0602504126727581
7.603496789932251,0.021767279133200645
7.617845058441162,0.09329415112733841
7.632419586181641,0.06393994390964508
7.647022008895874,0.06358834356069565
7.6616880893707275,0.060365960001945496
7.676289319992065,0.033186525106430054
7.690799951553345,0.09997736662626266
7.705291509628296,0.037380069494247437
7.719764471054077,0.06312842667102814
7.73432731628418,0.182176873087883
7.748802185058594,0.07045360654592514
7.763289213180542,0.04703781381249428
7.77789306640625,0.022808387875556946
7.792515516281128,0.08847656846046448
7.806936979293823,0.04664776101708412
7.8213512897491455,0.019266558811068535
7.835965633392334,0.049238599836826324
7.850496053695679,0.06269945949316025
7.864991903305054,0.12379215657711029
7.879387617111206,0.10870689898729324
7.894036054611206,0.055666159838438034
7.908448696136475,0.13586078584194183
7.922930002212524,0.022010602056980133
7.937357187271118,0.05966850742697716
7.9519734382629395,0.07780390977859497
7.96643590927124,0.031961292028427124
7.981001853942871,0.1366284042596817
7.9954493045806885,0.01778307370841503
8.010170459747314,0.04337529093027115
8.024705648422241,0.04183903709053993
8.039270877838135,0.03075362928211689
8.053946495056152,0.19270870089530945
8.068779230117798,0.06830935180187225
8.083512306213379,0.07777465879917145
8.09835410118103,0.022461749613285065
8.112903356552124,0.033316969871520996
8.127381324768066,0.027981070801615715
8.142017841339111,0.056714896112680435
8.156464576721191,0.12961237132549286
8.170936346054077,0.04539990425109863
8.185524225234985,0.02679985947906971
8.200144052505493,0.045806027948856354
8.214629411697388,0.05222219228744507
8.229254484176636,0.07630357891321182
8.243835687637329,0.04639972373843193
8.258542537689209,0.10224687308073044
8.273070573806763,0.12280650436878204
8.28763461112976,0.045018140226602554
8.30203890800476,0.030710620805621147
8.316457986831665,0.04837702214717865
8.330817937850952,0.053937118500471115
8.345432996749878,0.07736410200595856
8.359872579574585,0.08763042837381363
8.37433409690857,0.037660863250494
8.389045476913452,0.1281891167163849
8.40359616279602,0.022591931745409966
8.418105363845825,0.03492237254977226
8.432626247406006,0.045451316982507706
8.447305917739868,0.05229830741882324
8.461735248565674,0.04855083301663399
8.47643756866455,0.12184929847717285
8.49111795425415,0.09361140429973602
8.505814790725708,0.030480731278657913
8.520378112792969,0.09492117166519165
8.534918308258057,0.03543801233172417
8.549591302871704,0.03635427728295326
8.564259052276611,0.0681537315249443
8.578881978988647,0.07630299776792526
8.593620538711548,0.06040789186954498
8.6085205078125,0.05404256656765938
8.623106002807617,0.06385742127895355
8.637846231460571,0.03212692216038704
8.652467012405396,0.011674056760966778
8.66717267036438,0.011963589116930962
8.681959867477417,0.05420958250761032
8.696636438369751,0.12007880955934525
8.711386919021606,0.07165240496397018
8.726003885269165,0.07786155492067337
8.74062180519104,0.10553858429193497
8.755130052566528,0.06275248527526855
8.769732475280762,0.12444562464952469
8.784442901611328,0.046670638024806976
8.798951387405396,0.05540316924452782
8.813445329666138,0.05041336640715599
8.82802677154541,0.03514643386006355
8.842619895935059,0.034619975835084915
8.85713267326355,0.1580260694026947
8.871684551239014,0.12227779626846313
8.886294841766357,0.14391952753067017
8.900806188583374,0.04457594454288483
8.91539216041565,0.04623355716466904
8.929954051971436,0.06070265546441078
8.944559097290039,0.1415107101202011
8.959333658218384,0.09751132130622864
8.973939657211304,0.018779776990413666
8.988713264465332,0.05884547159075737
9.003360033035278,0.03725161403417587
9.018022775650024,0.08890385925769806
9.032565116882324,0.08210963010787964
9.047147989273071,0.03602016344666481
9.061717987060547,0.04570825770497322
9.076314449310303,0.03604716807603836
9.091081857681274,0.12745970487594604
9.10573410987854,0.06535248458385468
9.12054705619812,0.04140631482005119
9.135315895080566,0.10271305590867996
9.149824380874634,0.05362297222018242
9.164518356323242,0.06690027564764023
9.179182767868042,0.028063680976629257
9.193827390670776,0.03470458835363388
9.208484888076782,0.07570779323577881
9.223123550415039,0.06059931218624115
9.237602710723877,0.03553881123661995
9.25208592414856,0.14350830018520355
9.26679015159607,0.0827961415052414
9.281344175338745,0.08677550405263901
9.295892477035522,0.01039540022611618
9.310524702072144,0.05248549208045006
9.325130701065063,0.051154181361198425
9.339958190917969,0.041656896471977234
9.354669570922852,0.031148115172982216
9.369304180145264,0.050364021211862564
9.384216547012329,0.08864732086658478
9.398988485336304,0.05507449805736542
9.413596630096436,0.04793365299701691
9.428145170211792,0.042979318648576736
9.44272494316101,0.06232365593314171
9.457522869110107,0.030245628207921982
9.472415208816528,0.03734445199370384
9.487340688705444,0.025727098807692528
9.502006769180298,0.08998621255159378
9.516605138778687,0.07882790267467499
9.531227827072144,0.08743081241846085
9.545913457870483,0.0327877439558506
9.560600757598877,0.12100182473659515
9.575390100479126,0.03673109412193298
9.59017825126648,0.037759337574243546
9.605117321014404,0.016696816310286522
9.619800329208374,0.029443342238664627
9.634487867355347,0.012940245680510998
9.649057149887085,0.0417441800236702
9.663655281066895,0.03936905786395073
9.678240060806274,0.08066605031490326
9.69300103187561,0.07387464493513107
9.7076416015625,0.04155363887548447
9.722325086593628,0.03405462205410004
9.737042903900146,0.04095354676246643
9.7515709400177,0.03487931191921234
9.766234397888184,0.18408221006393433
9.780822038650513,0.022932635620236397
9.795441627502441,0.08299309760332108
9.810044765472412,0.0671771839261055
9.824779510498047,0.10980997234582901
9.83936882019043,0.07626523077487946
9.854135036468506,0.051314666867256165
9.868788719177246,0.03076298162341118
9.883640766143799,0.0475340262055397
9.89821720123291,0.080003522336483
9.912981986999512,0.03815414756536484
9.927597999572754,0.056351397186517715
9.942314147949219,0.0874578207731247
9.956979990005493,0.06001564487814903
9.97177767753601,0.07201968133449554
9.986615419387817,0.012684951536357403
10.001410722732544,0.02110225521028042
10.016183376312256,0.0591697171330452
10.030887365341187,0.01194427814334631
10.045605182647705,0.06375350058078766
10.060356616973877,0.05756136029958725
10.074851036071777,0.04150346294045448
10.089619874954224,0.10416745394468307
10.104100942611694,0.11958523839712143
10.11857557296753,0.048210568726062775
10.13305926322937,0.02604050002992153
10.147541761398315,0.0475580170750618
10.162225484848022,0.05337635800242424
10.17665433883667,0.07039486616849899
10.19102692604065,0.062419068068265915
10.205638885498047,0.046456288546323776
10.219976425170898,0.07668677717447281
10.234318733215332,0.08041904866695404
10.24868130683899,0.04998205974698067
10.263174533843994,0.056147005409002304
10.277700185775757,0.10932270437479019
10.292122602462769,0.0992889404296875
10.306518316268921,0.07001250982284546
10.320897102355957,0.009072354063391685
10.335393905639648,0.0633668377995491
10.349897384643555,0.030388200655579567
10.364386796951294,0.04310506582260132
10.378835916519165,0.04375161603093147
10.393447399139404,0.020753666758537292
10.407808542251587,0.08262422680854797
10.422196865081787,0.1682719737291336
10.436687707901001,0.05382358282804489
10.451143980026245,0.01905914582312107
10.465965986251831,0.04794616252183914
10.48051381111145,0.05870885029435158
10.495230197906494,0.03594949468970299
10.509746074676514,0.03636251017451286
10.52416729927063,0.05539000779390335
10.538678169250488,0.02187860757112503
10.553166389465332,0.07303202897310257
10.567644834518433,0.0638212338089943
10.582363605499268,0.019057240337133408
10.596930503845215,0.012603357434272766
10.611309289932251,0.01521640457212925
10.625791311264038,0.0614309161901474
10.640477418899536,0.10978192090988159
10.655126571655273,0.07601458579301834
10.669628143310547,0.05273886397480965
10.68407416343689,0.021473629400134087
10.698549747467041,0.06384250521659851
10.713136434555054,0.04199644550681114
10.727618932723999,0.07047129422426224
10.74206805229187,0.018669109791517258
10.756599187850952,0.04403919354081154
10.771042585372925,0.02613973431289196
10.785593509674072,0.02586497738957405
10.800085067749023,0.05155451223254204
10.814597129821777,0.053700871765613556
10.829155445098877,0.013844807632267475
10.843713521957397,0.053345173597335815
10.858137845993042,0.04182825982570648
10.872841596603394,0.008685559965670109
10.887357473373413,0.014544558711349964
10.90183162689209,0.07857996225357056
10.916438817977905,0.12891390919685364
10.930891275405884,0.04658801853656769
10.945312976837158,0.04185682535171509
10.959982872009277,0.03294827416539192
10.974467039108276,0.04451987147331238
10.98891806602478,0.10455493628978729
11.003401517868042,0.03612630441784859
11.017851114273071,0.023560049012303352
11.03233551979065,0.030234646052122116
11.046823024749756,0.033044297248125076
11.061277627944946,0.014046212658286095
11.075722217559814,0.1362190544605255
11.090309143066406,0.027797115966677666
11.104855060577393,0.0592062771320343
11.119406938552856,0.08698911219835281
11.134187459945679,0.029024703428149223
11.148701190948486,0.10619810968637466
11.163127899169922,0.02618490904569626
11.177541255950928,0.03520385921001434
11.191953420639038,0.06444435566663742
11.206283569335938,0.09396815299987793
11.220893621444702,0.021344773471355438
11.235275030136108,0.03796685114502907
11.249700546264648,0.07464836537837982
11.26415205001831,0.046722013503313065
11.278475522994995,0.02518097497522831
11.293088674545288,0.07204930484294891
11.307496309280396,0.04603840038180351
11.321899890899658,0.1264941394329071
11.336381673812866,0.04048939794301987
11.350785493850708,0.05145220831036568
11.365211725234985,0.023983139544725418
11.379614114761353,0.0521339476108551
11.394030809402466,0.04013005271553993
11.408510208129883,0.1262379139661789
11.423015594482422,0.08945029228925705
11.437541246414185,0.06792557239532471
11.452080011367798,0.054065000265836716
11.466484546661377,0.0885760709643364
11.481053352355957,0.058981504291296005
11.495654821395874,0.07865501195192337
11.51014232635498,0.057859644293785095
11.52461314201355,0.0782012864947319
11.539198875427246,0.04634832218289375
11.553654909133911,0.1640750765800476
11.568122148513794,0.05125326290726662
11.582800388336182,0.05763041973114014
11.597368955612183,0.06812822073698044
11.612051486968994,0.028060538694262505
11.626726865768433,0.023303886875510216
11.641361951828003,0.026263320818543434
11.65592336654663,0.061925191432237625
11.670453786849976,0.04332033544778824
11.685166120529175,0.05612364038825035
11.6999351978302,0.09988366812467575
11.714466333389282,0.06730780005455017
11.729074001312256,0.055700160562992096
11.74381422996521,0.012332386337220669
11.75852084159851,0.018401803448796272
11.77331805229187,0.08479686081409454
11.787851572036743,0.055522605776786804
11.802488088607788,0.02025407925248146
11.817075967788696,0.05705214664340019
11.831600427627563,0.01738307625055313
11.846236944198608,0.016816571354866028
11.860824346542358,0.03415599837899208
11.87541937828064,0.029055258259177208
11.890000820159912,0.01928974688053131
11.90464448928833,0.022931095212697983
11.919296979904175,0.10419534891843796
11.933892726898193,0.023391224443912506
11.948441982269287,0.09425714612007141
11.96310019493103,0.17294423282146454
11.977692365646362,0.09837421774864197
11.992290735244751,0.022020313888788223
12.006852865219116,0.024197721853852272
12.021636724472046,0.06837558001279831
12.036256790161133,0.016255544498562813
12.05096983909607,0.021866483613848686
12.065645217895508,0.08099275082349777
12.080294132232666,0.05613220855593681
12.09503960609436,0.03028901107609272
12.109606742858887,0.05361428111791611
12.12431025505066,0.018620431423187256
12.138896465301514,0.03045477159321308
12.153541088104248,0.1370372474193573
12.168097734451294,0.040573060512542725
12.182720184326172,0.08045271039009094
12.197226524353027,0.024486413225531578
12.211631059646606,0.03755700960755348
12.225979566574097,0.02188180573284626
12.24046540260315,0.015176068060100079
12.254807949066162,0.028984500095248222
12.26920771598816,0.03668926656246185
12.283585786819458,0.06553088128566742
12.297989130020142,0.038962773978710175
12.312509298324585,0.05167021602392197
12.326972961425781,0.05610296130180359
12.341363430023193,0.06936474144458771
12.355749368667603,0.010931890457868576
12.370107889175415,0.0532408207654953
12.38448190689087,0.051964059472084045
12.398937225341797,0.06954111158847809
12.413294792175293,0.1164846420288086
12.427649974822998,0.05898352712392807
12.442049980163574,0.04937842860817909
12.456462383270264,0.04063994809985161
12.4709792137146,0.15121428668498993
12.485498189926147,0.03735041245818138
12.50000786781311,0.09875686466693878
12.514433145523071,0.02390449121594429
12.52879285812378,0.024613281711935997
12.543138980865479,0.03975870460271835
12.557506561279297,0.04479409009218216
12.57195782661438,0.07736484706401825
12.5863516330719,0.022257782518863678
12.600727796554565,0.03307601064443588
12.615027904510498,0.027165282517671585
12.62955641746521,0.010312152095139027
12.643948316574097,0.13087010383605957
12.658302783966064,0.058811187744140625
12.672738075256348,0.022998182103037834
12.687111616134644,0.0434933602809906
12.701567888259888,0.05630110949277878
12.716044664382935,0.07146797329187393
12.730427742004395,0.031004449352622032
12.744815349578857,0.026161614805459976
12.759408950805664,0.029131019487977028
12.773865938186646,0.08603938668966293
12.78843355178833,0.08205444365739822
12.803023338317871,0.038813602179288864
12.817564964294434,0.036543332040309906
12.832111358642578,0.07216536998748779
12.84666132926941,0.050645820796489716
12.861238718032837,0.08981263637542725
12.875684976577759,0.0799458771944046
12.890318393707275,0.015707816928625107
12.905083179473877,0.06197809427976608
12.919631004333496,0.04878111556172371
12.934123039245605,0.04966718330979347
12.948720455169678,0.029354820027947426
12.963334798812866,0.10299406200647354
12.977901697158813,0.05206259340047836
12.992615222930908,0.02513415925204754
13.007405519485474,0.04831017181277275
13.021952390670776,0.08258269727230072
13.03644061088562,0.027319300919771194
13.050964593887329,0.02200114168226719
13.065439462661743,0.05812757462263107
13.080023050308228,0.026120562106370926
13.094792366027832,0.032463230192661285
13.109452486038208,0.026276858523488045
13.123825311660767,0.02723548747599125
13.138285875320435,0.04699026420712471
13.152710914611816,0.07315132021903992
13.167120218276978,0.06938803195953369
13.181647062301636,0.018198074772953987
13.196125268936157,0.02980215661227703
13.210658550262451,0.033020809292793274
13.225130796432495,0.11593613028526306
13.239522695541382,0.07133251428604126
13.25400424003601,0.0678422600030899
13.268444538116455,0.054565731436014175
13.282893180847168,0.044685374945402145
13.297316789627075,0.04780448600649834
13.311778783798218,0.026297209784388542
13.326214075088501,0.05250462517142296
13.34069299697876,0.05431017652153969
13.355147123336792,0.08645118772983551
13.36956787109375,0.03675123676657677
13.383980751037598,0.0072389645501971245
13.398467779159546,0.03268040716648102
13.412914037704468,0.02589615434408188
13.427429676055908,0.03859635815024376
13.441858530044556,0.04268866404891014
13.456344604492188,0.06705620139837265
13.470798015594482,0.069580078125
13.485185861587524,0.023478036746382713
13.499722242355347,0.053478483110666275
13.514098882675171,0.05040700361132622
13.528650760650635,0.02897416055202484
13.543028116226196,0.0578264482319355
13.557547330856323,0.03463965654373169
13.571943283081055,0.020273130387067795
13.586400270462036,0.03356742858886719
13.600795030593872,0.05539979413151741
13.61558198928833,0.17716585099697113
13.629910469055176,0.1454247087240219
13.644315719604492,0.012207968160510063
13.658727884292603,0.03749675303697586
13.67327094078064,0.039291854947805405
13.687670946121216,0.017423996701836586
13.70203161239624,0.08053305745124817
13.716444492340088,0.08935388922691345
13.730773210525513,0.041532840579748154
13.745152950286865,0.0781979039311409
13.759688138961792,0.04565666615962982
13.774036169052124,0.0191934984177351
13.78861379623413,0.05819227918982506
13.803292274475098,0.03282119333744049
13.817678213119507,0.0596127025783062
13.83202576637268,0.010923943482339382
13.84645414352417,0.07634005695581436
13.86080527305603,0.012364580295979977
13.875120162963867,0.031147699803113937
13.889674663543701,0.026500631123781204
13.904071807861328,0.051835738122463226
13.918370962142944,0.09561499953269958
13.932722330093384,0.08520007133483887
13.947064638137817,0.030860889703035355
13.961503744125366,0.05023306980729103
13.976059198379517,0.025563200935721397
13.990585327148438,0.05593159794807434
14.005184650421143,0.06805024296045303
14.019602060317993,0.017907539382576942
14.03463864326477,0.04433117434382439
14.052433729171753,0.03731515258550644
14.06697416305542,0.03762911632657051
14.081463813781738,0.023258380591869354
14.096346855163574,0.053900208324193954
14.110846996307373,0.0061744279228150845
14.125427484512329,0.03403078392148018
14.139870882034302,0.024599596858024597
14.154317617416382,0.049132004380226135
14.168673038482666,0.05953429639339447
14.18318772315979,0.04234949126839638
14.197548627853394,0.07237400114536285
14.212002992630005,0.03368712216615677
14.226441144943237,0.02111513540148735
14.240792036056519,0.07002215087413788
14.255043745040894,0.047096431255340576
14.269514799118042,0.03990289196372032
14.284039735794067,0.017090661451220512
14.298368453979492,0.04828251898288727
14.312735795974731,0.07787048071622849
14.327215671539307,0.05845756456255913
14.341677904129028,0.0659540593624115
14.356218814849854,0.025127550587058067
14.370793342590332,0.06288252025842667
14.385185956954956,0.027951054275035858
14.399848937988281,0.030638787895441055
14.414475917816162,0.026735898107290268
14.42920708656311,0.047920938581228256
14.443927526473999,0.0852215439081192
14.458272695541382,0.03628234937787056
14.472894191741943,0.019884401932358742
14.487604856491089,0.04458394646644592
14.502183437347412,0.037120379507541656
14.516545295715332,0.012295681051909924
14.530906200408936,0.037294331938028336
14.545392036437988,0.031474024057388306
14.559905052185059,0.07384348660707474
14.574429512023926,0.015113872475922108
14.589021682739258,0.014711860567331314
14.60373306274414,0.034813158214092255
14.618402242660522,0.08313369005918503
14.632902145385742,0.0576758086681366
14.647337198257446,0.01262696087360382
14.661783933639526,0.03549477085471153
14.676163911819458,0.1438741683959961
14.690833330154419,0.03583293408155441
14.705285787582397,0.0435921885073185
14.719891786575317,0.029537569731473923
14.734283447265625,0.03021673858165741
14.748821258544922,0.04249609261751175
14.76345944404602,0.05469909682869911
14.777864933013916,0.011036839336156845
14.792345523834229,0.10276910662651062
14.806724309921265,0.007407026831060648
14.821242570877075,0.02994258888065815
14.835987091064453,0.04025409743189812
14.850375890731812,0.04663384333252907
14.86474895477295,0.053390372544527054
14.879132747650146,0.022970033809542656
14.893547058105469,0.02976243384182453
14.907935857772827,0.017933040857315063
14.922245025634766,0.03727171942591667
14.936596155166626,0.050620660185813904
14.950918674468994,0.10461875796318054
14.965327024459839,0.05549350008368492
14.97972321510315,0.01648741029202938
14.994107484817505,0.010715880431234837
15.008488893508911,0.04260604456067085
15.022928953170776,0.03389503434300423
15.037489891052246,0.03321056813001633
15.051841497421265,0.029060138389468193
15.066217422485352,0.018619507551193237
15.08061146736145,0.02704126574099064
15.095446825027466,0.04557444527745247
15.109907150268555,0.04862666875123978
15.124220609664917,0.05226200446486473
15.138718605041504,0.04361451417207718
15.153265237808228,0.0289187952876091
15.16791319847107,0.03777920827269554
15.18228268623352,0.04138219356536865
15.196834564208984,0.045861031860113144
15.211522102355957,0.07922331243753433
15.225892782211304,0.016318362206220627
15.240441799163818,0.016764003783464432
15.255252122879028,0.014364618808031082
15.269703149795532,0.031067272648215294
15.28418779373169,0.023242834955453873
15.298496961593628,0.011187708005309105
15.312873840332031,0.055884335190057755
15.327392578125,0.023057131096720695
15.341968774795532,0.054083772003650665
15.356281042098999,0.019793054088950157
15.370586633682251,0.012145564891397953
15.385232925415039,0.07666823267936707
15.399627447128296,0.07612943649291992
15.413944005966187,0.03049861453473568
15.428311824798584,0.031871870160102844
15.442761898040771,0.07829759269952774
15.457194566726685,0.040695857256650925
15.4716055393219,0.025483019649982452
15.486071586608887,0.031101040542125702
15.500523567199707,0.019651276990771294
15.514953851699829,0.03109041415154934
15.529365062713623,0.015284542925655842
15.543784379959106,0.09186995029449463
15.558212518692017,0.0766926035284996
15.572703838348389,0.08524301648139954
15.587220430374146,0.014653149992227554
15.601688146591187,0.0359836108982563
15.616299152374268,0.009151143953204155
15.630875587463379,0.13617925345897675
15.645344257354736,0.00654252152889967
15.65980577468872,0.040564801543951035
15.674228191375732,0.010398099198937416
15.688677787780762,0.01394725777208805
15.703211069107056,0.021734468638896942
15.717644691467285,0.007949319668114185
15.731992483139038,0.020210426300764084
15.746448040008545,0.015296434052288532
15.761038541793823,0.015080466866493225
15.775420427322388,0.015561225824058056
15.789761781692505,0.06423116475343704
15.80422329902649,0.024403762072324753
15.818597316741943,0.07778596878051758
15.833059072494507,0.018756510689854622
15.847500085830688,0.09000743925571442
15.861869812011719,0.04369070380926132
15.876336336135864,0.0072416337206959724
15.890737533569336,0.020687386393547058
15.905149459838867,0.05437246337532997
15.91957950592041,0.027399620041251183
15.933871269226074,0.10821780562400818
15.948275327682495,0.10834337025880814
15.962790727615356,0.020628325641155243
15.977196216583252,0.09572895616292953
15.991676330566406,0.050885651260614395
16.006144523620605,0.029562197625637054
16.02061367034912,0.024632636457681656
16.035004138946533,0.017125267535448074
16.04943084716797,0.013138916343450546
16.06381845474243,0.01968652941286564
16.078414916992188,0.08493950963020325
16.093013048171997,0.05541225150227547
16.107516050338745,0.05310128629207611
16.121958017349243,0.053350504487752914
16.136411905288696,0.0059098671190440655
16.15077304840088,0.07700659334659576
16.165146589279175,0.06526454538106918
16.179457664489746,0.02757810428738594
16.193886280059814,0.01817697286605835
16.208411693572998,0.042308349162340164
16.222787380218506,0.026061831042170525
16.23721694946289,0.013093668967485428
16.251738786697388,0.05407328903675079
16.266276597976685,0.004209097474813461
16.280909776687622,0.05755918473005295
16.29543423652649,0.0828796774148941
16.310035943984985,0.04238634929060936
16.32481575012207,0.03922468051314354
16.339541912078857,0.04577574506402016
16.354131937026978,0.05884092301130295
16.36907386779785,0.038906197994947433
16.383657932281494,0.024103470146656036
16.39827275276184,0.015005539171397686
16.41285014152527,0.018414732068777084
16.427494049072266,0.06814152002334595
16.442161083221436,0.03416045755147934
16.456797122955322,0.005948369856923819
16.471367120742798,0.04923247918486595
16.485790729522705,0.008888989686965942
16.500506162643433,0.023708900436758995
16.514972686767578,0.027912944555282593
16.529389142990112,0.07717667520046234
16.54396915435791,0.024168869480490685
16.558423280715942,0.024752942845225334
16.572871208190918,0.00983615405857563
16.58727264404297,0.022518685087561607
16.601656913757324,0.024157825857400894
16.61607074737549,0.07114455848932266
16.63039541244507,0.028525711968541145
16.644768953323364,0.03817906230688095
16.65911078453064,0.010762299410998821
16.67355966567993,0.06762932240962982
16.68806505203247,0.019024668261408806
16.70268201828003,0.025882892310619354
16.717120885849,0.019228016957640648
16.73149538040161,0.05401705950498581
16.745898962020874,0.04862464591860771
16.760289192199707,0.00789917353540659
16.774658203125,0.03906899690628052
16.789032697677612,0.03604908660054207
16.80340313911438,0.04913342371582985
16.817924976348877,0.03278566524386406
16.832277536392212,0.07006469368934631
16.846643686294556,0.012059426866471767
16.861132860183716,0.011535772122442722
16.875641345977783,0.015846548601984978
16.890177011489868,0.10012602806091309
16.90480613708496,0.03214031830430031
16.919514179229736,0.04972135275602341
16.93433451652527,0.1095188781619072
16.949164628982544,0.02666652761399746
16.963807821273804,0.05456429347395897
16.978283643722534,0.09454862773418427
16.99281668663025,0.033853668719530106
17.00733208656311,0.0195102971047163
17.022090911865234,0.029409723356366158
17.036751747131348,0.017642036080360413
17.051387310028076,0.05164238438010216
17.065876245498657,0.07818707078695297
17.08033561706543,0.09055507928133011
17.095038414001465,0.06763707846403122
17.109575033187866,0.0439491868019104
17.124025344848633,0.05556139722466469
17.13876247406006,0.049740880727767944
17.153419017791748,0.03283485397696495
17.16812038421631,0.014246681705117226
17.182697534561157,0.01925089955329895
17.197240829467773,0.043021418154239655
17.211860179901123,0.046571794897317886
17.22647452354431,0.06256907433271408
17.241032123565674,0.015334676951169968
17.255637884140015,0.013116410933434963
17.270135641098022,0.015036791563034058
17.284735679626465,0.019504651427268982
17.299421787261963,0.05407783016562462
17.314062118530273,0.029536349698901176
17.328651905059814,0.010934010148048401
17.343311071395874,0.05964058265089989
17.357948303222656,0.028597766533493996
17.372653245925903,0.010470444336533546
17.387189626693726,0.011317839846014977
17.401623725891113,0.1044275239109993
17.416029930114746,0.018581662327051163
17.43037724494934,0.033385105431079865
17.444716930389404,0.06127051264047623
17.459179639816284,0.09640814363956451
17.473750352859497,0.040235236287117004
17.488178253173828,0.03328939899802208
17.502591133117676,0.011902146972715855
17.51717185974121,0.0681878924369812
17.53184151649475,0.014598187059164047
17.546429872512817,0.04846257343888283
17.561209678649902,0.04050104320049286
17.576001405715942,0.05007411167025566
17.5907039642334,0.04368153586983681
17.605376720428467,0.0271926186978817
17.620036125183105,0.03548789396882057
17.634711980819702,0.030365753918886185
17.649306774139404,0.020736701786518097
17.663902282714844,0.038603171706199646
17.67846131324768,0.0203494131565094
17.693080186843872,0.08739437907934189
17.70785880088806,0.027305005118250847
17.722700595855713,0.015442954376339912
17.737465620040894,0.0733666718006134
17.752043962478638,0.05272309109568596
17.766683340072632,0.06000737100839615
17.78145956993103,0.04716421663761139
17.796114206314087,0.06529026478528976
17.811095714569092,0.014125089161098003
17.825907707214355,0.027179796248674393
17.84053683280945,0.02476189285516739
17.855109691619873,0.0340517982840538
17.869861364364624,0.023964347317814827
17.884547472000122,0.01701035536825657
17.899266242980957,0.04762377589941025
17.91411304473877,0.11064194142818451
17.928762674331665,0.05163555592298508
17.943387508392334,0.062353599816560745
17.95798683166504,0.03721411153674126
17.972560167312622,0.01290792878717184
17.987252235412598,0.028669392690062523
18.001832962036133,0.03427385166287422
18.01634645462036,0.10564044862985611
18.030943393707275,0.033014629036188126
18.045595407485962,0.014102494344115257
18.060354232788086,0.030025022104382515
18.07488512992859,0.07579666376113892
18.08973455429077,0.031971607357263565
18.104422569274902,0.09373492002487183
18.11902356147766,0.03727169334888458
18.133639812469482,0.009746133349835873
18.1481351852417,0.1668488085269928
18.16272735595703,0.036703720688819885
18.177272081375122,0.008303089998662472
18.191924571990967,0.009181627072393894
18.206576108932495,0.03197437897324562
18.22116994857788,0.05018385499715805
18.23569416999817,0.021754540503025055
18.250128984451294,0.04810881242156029
18.264761924743652,0.08301908522844315
18.279441118240356,0.028514614328742027
18.293937921524048,0.013570733368396759
18.308825254440308,0.02550378069281578
18.323277473449707,0.058696456253528595
18.337753295898438,0.021695762872695923
18.35242795944214,0.07268889248371124
18.367017030715942,0.04635746404528618
18.381629467010498,0.056495025753974915
18.396333694458008,0.08519282937049866
18.411020278930664,0.020749695599079132
18.425788164138794,0.10058364272117615
18.440699100494385,0.10410338640213013
18.455206871032715,0.11296913772821426
18.46980094909668,0.0735102966427803
18.484402418136597,0.04500531405210495
18.49904775619507,0.021005572751164436
18.513731956481934,0.006357553415000439
18.528374433517456,0.035765498876571655
18.54296112060547,0.008757855743169785
18.55773639678955,0.08336769044399261
18.572465181350708,0.017181603237986565
18.587089776992798,0.013187394477427006
18.60174322128296,0.03756386414170265
18.616602897644043,0.09626121819019318
18.63130521774292,0.044142916798591614
18.64592671394348,0.0328885093331337
18.660569667816162,0.012323926202952862
18.675133228302002,0.014639131724834442
18.68962860107422,0.027338797226548195
18.704222917556763,0.09236888587474823
18.719042778015137,0.025742072612047195
18.733973026275635,0.05433572083711624
18.74880075454712,0.05783038213849068
18.763564109802246,0.025239840149879456
18.778296947479248,0.06383602321147919
18.79305672645569,0.07206960022449493
18.80773401260376,0.035433996468782425
18.82233500480652,0.01634099707007408
18.836907148361206,0.010753168724477291
18.851540565490723,0.057406578212976456
18.866116285324097,0.05673225596547127
18.880743503570557,0.0340847410261631
18.895413160324097,0.016116049140691757
18.91008996963501,0.008335800841450691
18.924769401550293,0.05150565505027771
18.93950915336609,0.003236575284972787
18.95414972305298,0.028364282101392746
18.96883988380432,0.01170246209949255
18.983524799346924,0.051530759781599045
18.998204708099365,0.01250793319195509
19.01278066635132,0.019430335611104965
19.027496337890625,0.039963867515325546
19.042184352874756,0.018926935270428658
19.05679678916931,0.0167702529579401
19.071495294570923,0.02130620926618576
19.086259603500366,0.06399302184581757
19.101075649261475,0.009279325604438782
19.11583399772644,0.0639280453324318
19.130489349365234,0.028696885332465172
19.145195484161377,0.005202366504818201
19.159989595413208,0.04835693538188934
19.174610376358032,0.011370492167770863
19.18922781944275,0.025347618386149406
19.203919887542725,0.042396288365125656
19.21882677078247,0.017717082053422928
19.233554124832153,0.07911605387926102
19.24798059463501,0.0905778706073761
19.262375831604004,0.04486914351582527
19.2770676612854,0.057097360491752625
19.29161500930786,0.02516002580523491
19.306037187576294,0.004831231199204922
19.320578575134277,0.005427899304777384
19.33528232574463,0.01892275922000408
19.350016117095947,0.03523077815771103
19.364723205566406,0.03237311542034149
19.379498720169067,0.1052270457148552
19.394166707992554,0.04849797487258911
19.408845901489258,0.030039941892027855
19.423431873321533,0.024997996166348457
19.437968015670776,0.07377545535564423
19.452582120895386,0.09879130870103836
19.467336177825928,0.027255598455667496
19.481940984725952,0.008519597351551056
19.4967257976532,0.03860257565975189
19.511656999588013,0.006873076781630516
19.52649474143982,0.037630680948495865
19.541100025177002,0.05990469083189964
19.555981397628784,0.04946400225162506
19.57059621810913,0.028595099225640297
19.58538794517517,0.007550420705229044
19.600303411483765,0.1060052216053009
19.61504888534546,0.019273173063993454
19.63007426261902,0.04197276756167412
19.644726037979126,0.014737661927938461
19.66001534461975,0.013109313324093819
19.67458462715149,0.021343963220715523
19.689170598983765,0.029179735109210014
19.70404601097107,0.06374113261699677
19.718394994735718,0.08302819728851318
19.733003854751587,0.03603238984942436
19.747748613357544,0.03605262190103531
19.7623233795166,0.11283509433269501
19.776756525039673,0.021750126034021378
19.79119372367859,0.0272607933729887
19.805784463882446,0.026943646371364594
19.820294618606567,0.05952358990907669
19.83459782600403,0.054092273116111755
19.848920106887817,0.019192326813936234
19.86336922645569,0.02855621464550495
19.877810955047607,0.008916259743273258
19.89217233657837,0.009718450717628002
19.90662169456482,0.026575341820716858
19.921205043792725,0.019215581938624382
19.935689210891724,0.06680963188409805
19.950143575668335,0.05104782059788704
19.96480107307434,0.026715034618973732
19.97940754890442,0.00741600664332509
19.994102954864502,0.01885002851486206
20.008772611618042,0.03445838764309883
20.023513078689575,0.06819018721580505
20.03815269470215,0.0326472669839859
20.052805423736572,0.02442512847483158
20.067216873168945,0.006797461304813623
20.08168625831604,0.021368442103266716
20.096622467041016,0.07728339731693268
20.111145496368408,0.013153236359357834
20.12557554244995,0.03297968953847885
20.140019416809082,0.01874098926782608
20.154391050338745,0.027095312252640724
20.16904616355896,0.1100454330444336
20.18360137939453,0.005742504261434078
20.198002338409424,0.019777679815888405
20.212412118911743,0.019898084923624992
20.226797580718994,0.024127528071403503
20.241193294525146,0.049836307764053345
20.255666732788086,0.037486594170331955
20.270119428634644,0.09115571528673172
20.28464937210083,0.0070321387611329556
20.299274444580078,0.007609168998897076
20.31363296508789,0.04227640479803085
20.328025341033936,0.03928563743829727
20.34242272377014,0.034529536962509155
20.356818675994873,0.005364443175494671
20.37143063545227,0.008206170052289963
20.385805368423462,0.049535345286130905
20.400724172592163,0.09501893818378448
20.41516637802124,0.03716912120580673
20.42960500717163,0.0086358692497015
20.443949699401855,0.011470683850347996
20.458579540252686,0.03853897377848625
20.4730224609375,0.03785715997219086
20.48741364479065,0.036856699734926224
20.50175452232361,0.0357842892408371
20.516191720962524,0.05698016658425331
20.5306339263916,0.04538121074438095
20.545114517211914,0.04572588950395584
20.559500455856323,0.018492169678211212
20.57404398918152,0.017249837517738342
20.588484287261963,0.047734104096889496
20.60285973548889,0.028889553621411324
20.617303609848022,0.02706618793308735
20.631736278533936,0.09173962473869324
20.64627766609192,0.0868208110332489
20.660686254501343,0.01392559614032507
20.675164699554443,0.05019581317901611
20.689514875411987,0.017882125452160835
20.704009771347046,0.050552934408187866
20.718365907669067,0.06333065032958984
20.73274302482605,0.016989421099424362
20.74712896347046,0.07477883249521255
20.761492013931274,0.039170123636722565
20.776026010513306,0.09984499216079712
20.79042363166809,0.11557339131832123
20.80491876602173,0.020963473245501518
20.819374322891235,0.03382520005106926
20.833898544311523,0.01809101365506649
20.848283290863037,0.01787094585597515
20.863253831863403,0.024645276367664337
20.880577087402344,0.012817254289984703
20.89488434791565,0.026109572499990463
20.909621477127075,0.01727641187608242
20.924216985702515,0.03685620799660683
20.93882417678833,0.025994716212153435
20.9533052444458,0.014335226267576218
20.968095064163208,0.05532361939549446
20.982460498809814,0.029809769243001938
20.99690842628479,0.01978660374879837
21.011330127716064,0.052380792796611786
21.025774717330933,0.003768390044569969
21.040364980697632,0.02254006825387478
21.054720640182495,0.07125071436166763
21.069186449050903,0.04265359789133072
21.08367085456848,0.0251355841755867
21.098568439483643,0.015372514724731445
21.113091230392456,0.05882479250431061
21.127607583999634,0.02160787768661976
21.142146348953247,0.020055919885635376
21.156851530075073,0.006026672665029764
21.171297788619995,0.0694800540804863
21.18571400642395,0.0326833613216877
21.200140476226807,0.03940143436193466
21.214730739593506,0.02217392437160015
21.229586362838745,0.01780831068754196
21.244094133377075,0.014255743473768234
21.258336782455444,0.021170005202293396
21.272676944732666,0.027103276923298836
21.287010431289673,0.014241867698729038
21.30156946182251,0.02580428123474121
21.316015243530273,0.015853412449359894
21.33055090904236,0.006142294034361839
21.34502339363098,0.005455722101032734
21.35941982269287,0.011748007498681545
21.37380814552307,0.010020621120929718
21.388144731521606,0.043055273592472076
21.402540922164917,0.02144831232726574
21.41693663597107,0.011759351938962936
21.431444883346558,0.012657406739890575
21.44581151008606,0.020708702504634857
21.460265398025513,0.014538229443132877
21.475005865097046,0.031523268669843674
21.489503145217896,0.03467235714197159
21.504008531570435,0.04354251176118851
21.51875352859497,0.019388828426599503
21.53338050842285,0.01580984890460968
21.54784870147705,0.08006951212882996
21.562474489212036,0.012535212561488152
21.577115774154663,0.002990530803799629
21.59169054031372,0.03240462765097618
21.60612392425537,0.014509053900837898
21.620584726333618,0.04380835220217705
21.6352276802063,0.07581871747970581
21.649728298187256,0.038985930383205414
21.66422152519226,0.015904800966382027
21.678759813308716,0.026758933439850807
21.69324541091919,0.03126703202724457
21.707676887512207,0.029255855828523636
21.722415447235107,0.011472593992948532
21.73704719543457,0.021463021636009216
21.751548528671265,0.005544417072087526
21.765944004058838,0.0375908762216568
21.7804434299469,0.08266147971153259
21.794876098632812,0.03564918786287308
21.809237957000732,0.052932120859622955
21.82362174987793,0.005269929300993681
21.83803391456604,0.08833679556846619
21.85279607772827,0.01607399992644787
21.86714482307434,0.03263397887349129
21.88151240348816,0.01626596972346306
21.895930767059326,0.07604461163282394
21.910474061965942,0.0528782419860363
21.925105810165405,0.0314742848277092
21.939592599868774,0.027258185669779778
21.954034328460693,0.06305165588855743
21.968456268310547,0.05983113870024681
21.98294734954834,0.057495612651109695
21.997358083724976,0.007460644468665123
22.01180124282837,0.036431245505809784
22.02637767791748,0.022202081978321075
22.040810108184814,0.016830753535032272
22.055271863937378,0.009625609032809734
22.069732666015625,0.014900489710271358
22.084439039230347,0.01873517595231533
22.098958730697632,0.004800376016646624
22.11331009864807,0.014020489528775215
22.128024578094482,0.016567543148994446
22.142412662506104,0.05907341092824936
22.156768321990967,0.008711784146726131
22.171157121658325,0.007254175841808319
22.18571949005127,0.05342884361743927
22.200159549713135,0.014886847697198391
22.21465826034546,0.018977129831910133
22.229360580444336,0.008132463321089745
22.243747234344482,0.030478522181510925
22.25808072090149,0.010267330333590508
22.27246642112732,0.00849392544478178
22.28683042526245,0.011100608855485916
22.30130887031555,0.02056150883436203
22.31576943397522,0.012896642088890076
22.330275058746338,0.04874435439705849
22.344699144363403,0.005122528411448002
22.359326124191284,0.02680681087076664
22.374021291732788,0.008353973738849163
22.3886821269989,0.045963652431964874
22.403236150741577,0.004842446185648441
22.41782259941101,0.040932994335889816
22.43284583091736,0.01655832678079605
22.447340965270996,0.08772902935743332
22.461859226226807,0.014410772360861301
22.47674584388733,0.1851036250591278
22.49128007888794,0.012260396964848042
22.506110191345215,0.025768859311938286
22.52056908607483,0.04335103929042816
22.53514862060547,0.0347394235432148
22.54990291595459,0.022806508466601372
22.564567804336548,0.020420705899596214
22.57924222946167,0.007686232216656208
22.5937819480896,0.018752582371234894
22.608442306518555,0.09628789871931076
22.623212814331055,0.0122758774086833
22.637771606445312,0.03131158649921417
22.65261721611023,0.05272248014807701
22.66715431213379,0.04828595742583275
22.68169856071472,0.021028293296694756
22.696391820907593,0.1090000569820404
22.710880517959595,0.05029362812638283
22.725556135177612,0.0072181858122348785
22.74029016494751,0.0030541098676621914
22.75503897666931,0.0081116808578372
22.769771099090576,0.02149832993745804
22.784486293792725,0.028444794937968254
22.798881769180298,0.03130999952554703
22.813459157943726,0.03673114627599716
22.828067779541016,0.011539379134774208
22.842678546905518,0.01179620623588562
22.85724711418152,0.031733229756355286
22.871918201446533,0.011928724125027657
22.88654375076294,0.04519274830818176
22.901085138320923,0.03264602646231651
22.915622234344482,0.016120770946145058
22.930139303207397,0.010069366544485092
22.94477891921997,0.05416693165898323
22.959325790405273,0.006726764142513275
22.97384548187256,0.01289239339530468
22.98831081390381,0.013295669108629227
23.00285506248474,0.025457246229052544
23.017534255981445,0.019158799201250076
23.032137870788574,0.04932868853211403
23.04663348197937,0.02226366475224495
23.061197519302368,0.08612234145402908
23.075680255889893,0.007048827596008778
23.09029483795166,0.01620255596935749
23.10482692718506,0.1026911735534668
23.119531393051147,0.005446495488286018
23.133912086486816,0.009646072052419186
23.148410081863403,0.05151579529047012
23.16287612915039,0.07804269343614578
23.177678108215332,0.057152923196554184
23.192222118377686,0.024998724460601807
23.206583976745605,0.11080339550971985
23.221129417419434,0.0227083470672369
23.23574185371399,0.007934894412755966
23.250213384628296,0.10232998430728912
23.26462197303772,0.028742793947458267
23.279016494750977,0.04439558461308479
23.2933988571167,0.07234057039022446
23.307941675186157,0.007793382275849581
23.322405576705933,0.011361519806087017
23.336843013763428,0.03003036417067051
23.351205348968506,0.06334175914525986
23.365633487701416,0.08401528745889664
23.380073308944702,0.03476928919553757
23.394458055496216,0.00796841736882925
23.40892004966736,0.019279493018984795
23.42325472831726,0.017961222678422928
23.437652111053467,0.06869397312402725
23.452107906341553,0.005634060129523277
23.46642827987671,0.04120437428355217
23.480817556381226,0.02516145631670952
23.495264530181885,0.050732389092445374
23.509616374969482,0.015134928748011589
23.52411699295044,0.015347770415246487
23.53842043876648,0.04936792701482773
23.55280041694641,0.05958870053291321
23.567126750946045,0.014357596635818481
23.581666707992554,0.04573003202676773
23.596041440963745,0.01692073605954647
23.61055302619934,0.020028816536068916
23.625056266784668,0.014415537007153034
23.639524698257446,0.02366345189511776
23.65403723716736,0.07749497145414352
23.668612480163574,0.06113879010081291
23.683119297027588,0.014813514426350594
23.697630405426025,0.0149413226172328
23.712153911590576,0.045420970767736435
23.726492881774902,0.03990761935710907
23.741158485412598,0.04460941627621651
23.755709409713745,0.01552882231771946
23.77021288871765,0.03788033500313759
23.78497004508972,0.03397449851036072
23.799662113189697,0.016169697046279907
23.81411862373352,0.032108720391988754
23.82876205444336,0.0035288562066853046
23.843350648880005,0.008852103725075722
23.857966899871826,0.008688056841492653
23.87284016609192,0.020993538200855255
23.887681007385254,0.014177897945046425
23.902334213256836,0.025571759790182114
23.91683530807495,0.0491267666220665
23.931301593780518,0.015638085082173347
23.94592523574829,0.012380138039588928
23.9606351852417,0.04994701221585274
23.975346565246582,0.048811137676239014
23.989962577819824,0.02308252453804016
24.004565954208374,0.028737327083945274
24.01915979385376,0.004581972025334835
24.03363299369812,0.011823393404483795
24.048198461532593,0.028058193624019623
24.06261444091797,0.0332636833190918
24.07707953453064,0.014453721232712269
24.091739177703857,0.03612517565488815
24.10614776611328,0.03676687926054001
24.12048625946045,0.029176820069551468
24.13480257987976,0.06465430557727814
24.14916443824768,0.019544096663594246
24.16351866722107,0.007934794761240482
24.177810668945312,0.04648958891630173
24.19218397140503,0.05041395127773285
24.20639991760254,0.060323797166347504
24.22074866294861,0.004382106941193342
24.23516035079956,0.009020421653985977
24.249509811401367,0.005745226982980967
24.26412081718445,0.0199587345123291
24.27857255935669,0.025636017322540283
24.29315686225891,0.019793760031461716
24.307769536972046,0.01937594637274742
24.32229256629944,0.020160937681794167
24.336885690689087,0.08050217479467392
24.351508140563965,0.01949439011514187
24.36635160446167,0.013177487067878246
24.38082790374756,0.010789189487695694
24.3953595161438,0.04018879681825638
24.40990424156189,0.056625548750162125
24.4243266582489,0.011547639966011047
24.438765287399292,0.02368433028459549
24.453144073486328,0.06106306612491608
24.467496395111084,0.04778061807155609
24.481959581375122,0.02844310738146305
24.496575117111206,0.007803746033459902
24.511282920837402,0.019807839766144753
24.525676727294922,0.022600580006837845
24.540331602096558,0.02176344394683838
24.554885149002075,0.010738222859799862
24.569215297698975,0.11046632379293442
24.58359122276306,0.036901071667671204
24.598188877105713,0.030403953045606613
24.612579107284546,0.006585406605154276
24.627150058746338,0.017848988994956017
24.6416175365448,0.021579572930932045
24.656278133392334,0.012899831868708134
24.67081069946289,0.006035784259438515
24.685335159301758,0.023983493447303772
24.699732780456543,0.05588804557919502
24.714128255844116,0.009410624392330647
24.728606700897217,0.027205919846892357
24.743093967437744,0.04230688884854317
24.757661819458008,0.06223130598664284
24.772300004959106,0.06317763030529022
24.786802053451538,0.011816621758043766
24.801185369491577,0.039286889135837555
24.81581425666809,0.062280960381031036
24.830132007598877,0.051312413066625595
24.84457015991211,0.024591194465756416
24.85893940925598,0.04282849282026291
24.873440504074097,0.014235783368349075
24.88800835609436,0.005424954928457737
24.902437686920166,0.026430390775203705
24.916943073272705,0.0148890670388937
24.931564331054688,0.03288022801280022
24.946205615997314,0.008801608346402645
24.960743188858032,0.016384249553084373
24.97551393508911,0.07580821216106415
24.990002632141113,0.022225236520171165
25.00457453727722,0.012791847810149193
25.019115686416626,0.062125544995069504
25.033755779266357,0.037819162011146545
25.04826021194458,0.056524988263845444
25.06285333633423,0.00267759058624506
25.077336072921753,0.012817539274692535
25.092133283615112,0.009454934857785702
25.10646891593933,0.010003569535911083
25.120917797088623,0.026849614456295967
25.135453462600708,0.03671612963080406
25.149965047836304,0.006469711195677519
25.16430687904358,0.022015761584043503
25.178722858428955,0.02436472475528717
25.19319176673889,0.013069771230220795
25.207686185836792,0.011196712031960487
25.222132682800293,0.01617220602929592
25.236613035202026,0.02130448818206787
25.250956296920776,0.016113176941871643
25.26577591896057,0.00590078579261899
25.2801616191864,0.010661004111170769
25.294897317886353,0.013593859039247036
25.309388875961304,0.006703021936118603
25.323813676834106,0.011228375136852264
25.338228702545166,0.0448901429772377
25.352782487869263,0.03345485031604767
25.367156744003296,0.041845593601465225
25.381644010543823,0.03057962656021118
25.39597249031067,0.034978680312633514
25.41031837463379,0.0055473921820521355
25.42525839805603,0.011299659498035908
25.43969225883484,0.01772133819758892
25.45433759689331,0.009127805940806866
25.469063997268677,0.029925620183348656
25.48349952697754,0.053796686232089996
25.4977867603302,0.046703238040208817
25.51232671737671,0.08052515983581543
25.526771783828735,0.07764475047588348
25.541115760803223,0.014717836864292622
25.555421352386475,0.013178618624806404
25.569817304611206,0.035793740302324295
25.584262132644653,0.01056047435849905
25.598586797714233,0.0067362114787101746
25.613009214401245,0.05108186975121498
25.6273672580719,0.03864791616797447
25.641725778579712,0.007961677387356758
25.656113862991333,0.03809015452861786
25.670405864715576,0.005915739573538303
25.684808015823364,0.003813723102211952
25.699219703674316,0.01515299454331398
25.713627338409424,0.012471148744225502
25.72796607017517,0.02644425258040428
25.742300987243652,0.03225383162498474
25.756858110427856,0.06467919796705246
25.77125120162964,0.04079051315784454
25.785692930221558,0.00402424531057477
25.800270318984985,0.006665861699730158
25.814684629440308,0.0019090520218014717
25.828999280929565,0.10136576741933823
25.843692302703857,0.02095801942050457
25.858081340789795,0.01113233994692564
25.87243962287903,0.09548288583755493
25.886778831481934,0.007156800013035536
25.901239156723022,0.02803657576441765
25.916025400161743,0.04096383973956108
25.930506706237793,0.010402929969131947
25.945266246795654,0.006902386900037527
25.959864139556885,0.01793675683438778
25.974275588989258,0.048799775540828705
25.98881196975708,0.017753157764673233
26.003252744674683,0.007543542888015509
26.01789951324463,0.016035469248890877
26.03228735923767,0.01606498472392559
26.046744108200073,0.05757317319512367
26.06119394302368,0.019463950768113136
26.07566475868225,0.011079787276685238
26.09024715423584,0.019590571522712708
26.105018377304077,0.04467284679412842
26.11942958831787,0.0743439719080925
26.13376235961914,0.019607318565249443
26.14813995361328,0.021041208878159523
26.162400245666504,0.0755874514579773
26.176742792129517,0.09258558601140976
26.19111943244934,0.007891900837421417
26.205556631088257,0.0540907084941864
26.21983551979065,0.03429702669382095
26.234158039093018,0.02222425676882267
26.24861431121826,0.026846515014767647
26.262914896011353,0.004900361876934767
26.277278423309326,0.024538200348615646
26.29160165786743,0.03572921082377434
26.305928468704224,0.03148677945137024
26.320231199264526,0.014070010744035244
26.334500312805176,0.061014752835035324
26.348867893218994,0.08299438655376434
26.363318920135498,0.009092379361391068
26.377705335617065,0.010877666063606739
26.392091035842896,0.023268550634384155
26.40648913383484,0.027286503463983536
26.420836687088013,0.09987326711416245
26.435195446014404,0.01705428585410118
26.44959306716919,0.08886757493019104
26.46403980255127,0.04290339723229408
26.478443145751953,0.007750476244837046
26.49299192428589,0.01901564560830593
26.507460594177246,0.028753016144037247
26.521809577941895,0.033834781497716904
26.53616499900818,0.032876066863536835
26.550477743148804,0.013018227182328701
26.565187454223633,0.01920047402381897
26.5795156955719,0.02612227573990822
26.59394645690918,0.045229364186525345
26.60847568511963,0.016080647706985474
26.62300968170166,0.019056139513850212
26.637340307235718,0.012685142457485199
26.652034759521484,0.01496244128793478
26.66635537147522,0.013080467469990253
26.680747032165527,0.050869014114141464
26.69544267654419,0.05608674883842468
26.710200309753418,0.0156409852206707
26.724559783935547,0.027974339202046394
26.73948574066162,0.027003265917301178
26.753878593444824,0.013096276670694351
26.768336057662964,0.02897658571600914
26.782909631729126,0.01193278469145298
26.797390937805176,0.009600266814231873
26.811813354492188,0.015431461855769157
26.826416969299316,0.004000157583504915
26.84085178375244,0.023031266406178474
26.855379104614258,0.03703821077942848
26.86988854408264,0.020261593163013458
26.88433861732483,0.1039188876748085
26.89872121810913,0.022164303809404373
26.913204431533813,0.07046941667795181
26.92762041091919,0.04217157140374184
26.94205141067505,0.04402172565460205
26.956418752670288,0.007047576364129782
26.97088098526001,0.011576729826629162
26.985517024993896,0.060919664800167084
26.999939441680908,0.04249373823404312
27.014569997787476,0.010975740849971771
27.028960466384888,0.03467573598027229
27.04333996772766,0.040485505014657974
27.057910442352295,0.02659076265990734
27.07238268852234,0.02860991284251213
27.086734294891357,0.01825934648513794
27.10125470161438,0.03815726563334465
27.115871906280518,0.0714448019862175
27.130327939987183,0.01613367721438408
27.1447856426239,0.04874488711357117
27.15938138961792,0.004161967430263758
27.17373275756836,0.021015753969550133
27.188459157943726,0.0072724842466413975
27.202922821044922,0.024529561400413513
27.217275857925415,0.008126400411128998
27.232218265533447,0.013644424267113209
27.246746063232422,0.00730577576905489
27.26114797592163,0.010017684660851955
27.275654315948486,0.07170433551073074
27.29001522064209,0.03085392341017723
27.30434489250183,0.049639519304037094
27.318767070770264,0.0139820771291852
27.333248138427734,0.03659624978899956
27.34773874282837,0.009442302398383617
27.362332344055176,0.07631619274616241
27.376766443252563,0.035549990832805634
27.39110803604126,0.046199578791856766
27.405436038970947,0.01720317080616951
27.41999864578247,0.006115993484854698
27.434521675109863,0.13688860833644867
27.44900345802307,0.046463530510663986
27.463330268859863,0.0230078287422657
27.477774381637573,0.020140156149864197
27.492197036743164,0.037033047527074814
27.506643056869507,0.0072317603044211864
27.5211660861969,0.021266236901283264
27.535579681396484,0.03089318610727787
27.549984216690063,0.038164567202329636
27.56447458267212,0.06879640370607376
27.578956604003906,0.01074561383575201
27.593321084976196,0.046686381101608276
27.607672452926636,0.013874898664653301
27.621991395950317,0.04817472770810127
27.63644552230835,0.02851119451224804
27.650780200958252,0.03038579225540161
27.665505409240723,0.005947379861027002
27.683112144470215,0.013497491367161274
27.697490453720093,0.06045573204755783
27.712066888809204,0.05865161120891571
27.72662663459778,0.022795462980866432
27.74107074737549,0.04147010296583176
27.755649089813232,0.07105476409196854
27.770070552825928,0.02108941785991192
27.78473472595215,0.013595947995781898
27.799105882644653,0.040319785475730896
27.813502073287964,0.008660001680254936
27.827855587005615,0.014642092399299145
27.842256546020508,0.0017614014213904738
27.856611490249634,0.01758498325943947
27.871098279953003,0.010122397914528847
27.885598182678223,0.026246419176459312
27.90016198158264,0.01952514424920082
27.914680242538452,0.05855771154165268
27.929075241088867,0.03137701749801636
27.9435031414032,0.014564571902155876
27.957867860794067,0.05473524332046509
27.972504377365112,0.03848401829600334
27.987017393112183,0.005856929812580347
28.00153088569641,0.008750657550990582
28.016027212142944,0.023165762424468994
28.030571222305298,0.03509080037474632
28.045026779174805,0.05033870041370392
28.059410572052002,0.008077657781541348
28.07377791404724,0.015594570897519588
28.088566064834595,0.014730757102370262
28.102914094924927,0.0027807634323835373
28.117307901382446,0.017456889152526855
28.13163995742798,0.006440460681915283
28.14598536491394,0.00227417703717947
28.16038990020752,0.05642889440059662
28.174866199493408,0.012101145461201668
28.18920350074768,0.08388958871364594
28.203624963760376,0.01647723838686943
28.218031644821167,0.02496962994337082
28.23239827156067,0.0017319329781457782
28.24686336517334,0.009115051478147507
28.26132297515869,0.028797050938010216
28.275781869888306,0.0024880373384803534
28.2901349067688,0.014232641085982323
28.304481029510498,0.02160048671066761
28.318780422210693,0.00656799366697669
28.333189010620117,0.002942541381344199
28.347538709640503,0.008028658106923103
28.36197543144226,0.0032777299638837576
28.376425981521606,0.007044655736535788
28.39078164100647,0.010583368130028248
28.405267238616943,0.04553329944610596
28.419729232788086,0.0074364435859024525
28.434428215026855,0.009429351426661015
28.44890308380127,0.011270786635577679
28.463655710220337,0.03734883293509483
28.47811245918274,0.02255849353969097
28.492700338363647,0.022513555362820625
28.50709366798401,0.008714373223483562
28.52149248123169,0.015246305614709854
28.535945415496826,0.00896995235234499
28.550392866134644,0.012710780836641788
28.564903736114502,0.018951790407299995
28.579373598098755,0.011734209954738617
28.593920469284058,0.01604665257036686
28.608487606048584,0.009299924597144127
28.623000144958496,0.01115486677736044
28.637543439865112,0.0507197380065918
28.65201473236084,0.016610320657491684
28.66640615463257,0.035504989326000214
28.680888891220093,0.007398475892841816
28.695342302322388,0.0026111816987395287
28.70983576774597,0.010197928175330162
28.724265336990356,0.011769459582865238
28.738636016845703,0.07421127706766129
28.753018617630005,0.0050402139313519
28.767444610595703,0.0021197835449129343
28.781819343566895,0.025420548394322395
28.79618501663208,0.0056583471596241
28.810588598251343,0.0015669148415327072
28.82510256767273,0.027930378913879395
28.839494705200195,0.0038831487763673067
28.853782176971436,0.16034704446792603
28.868148803710938,0.0018981435569003224
28.882550954818726,0.03295491635799408
28.89687490463257,0.004042183049023151
28.91121530532837,0.02452714368700981
28.92559838294983,0.0411858968436718
28.93996524810791,0.017501508817076683
28.95447015762329,0.009352002292871475
28.969083309173584,0.03102707490324974
28.983513832092285,0.0019873767159879208
28.99788522720337,0.015044936910271645
29.012335538864136,0.018146652728319168
29.026734113693237,0.017112109810113907
29.041211128234863,0.01676526479423046
29.05568528175354,0.029971865937113762
29.07006049156189,0.031653232872486115
29.084436178207397,0.004540902096778154
29.098994493484497,0.04727794602513313
29.113577127456665,0.007685557473450899
29.127994775772095,0.007754805963486433
29.142361164093018,0.008225017227232456
29.15705895423889,0.0027968701906502247
29.17151951789856,0.009986044839024544
29.185893774032593,0.029817653819918633
29.200352430343628,0.04792359471321106
29.21476697921753,0.00280408444814384
29.229150533676147,0.00307717127725482
29.243545532226562,0.05362565442919731
29.25799822807312,0.1781226247549057
29.272364854812622,0.0800822451710701
29.28693389892578,0.03492400050163269
29.301463842391968,0.0027271942235529423
29.315956115722656,0.028799235820770264
29.33031129837036,0.00490503991022706
29.344712734222412,0.009200295433402061
29.35909414291382,0.05544678866863251
29.373610258102417,0.030667416751384735
29.387986660003662,0.007910528220236301
29.40232229232788,0.026319298893213272
29.41681456565857,0.007879283279180527
29.43116068840027,0.05515124648809433
29.4456627368927,0.05252794548869133
29.46021342277527,0.008535011671483517
29.474659204483032,0.02647613361477852
29.48906946182251,0.010867576114833355
29.503514528274536,0.012088499963283539
29.517943859100342,0.021520698443055153
29.532345056533813,0.012694284319877625
29.546706676483154,0.04110455885529518
29.561071634292603,0.021381419152021408
29.575419664382935,0.033374328166246414
29.589998722076416,0.011406954377889633
29.60442590713501,0.011056492105126381
29.618765830993652,0.051088154315948486
29.633166313171387,0.07155188173055649
29.647584199905396,0.008350029587745667
29.66202473640442,0.005165142938494682
29.676454782485962,0.02848300337791443
29.690850257873535,0.00419881334528327
29.70527720451355,0.055117055773735046
29.719677686691284,0.03120661899447441
29.734071969985962,0.017176834866404533
29.748626470565796,0.009873501025140285
29.763023376464844,0.09118380397558212
29.77742600440979,0.007472013123333454
29.791839361190796,0.003284135600551963
29.80632781982422,0.014973508194088936
29.820936679840088,0.029449595138430595
29.83533811569214,0.025319628417491913
29.849758863449097,0.022294476628303528
29.864139318466187,0.014032071456313133
29.878591299057007,0.006030791439116001
29.89308190345764,0.07430160045623779
29.90742516517639,0.022226408123970032
29.92182970046997,0.049279723316431046
29.936312913894653,0.004399748519062996
29.95069146156311,0.009421941824257374
29.965129613876343,0.01795956678688526
29.979705333709717,0.012404010631144047
29.994121074676514,0.031726229935884476
30.008631706237793,0.003895872738212347
30.023011922836304,0.03103485330939293
30.037490367889404,0.05815783888101578
30.051894187927246,0.004155890550464392
30.066349267959595,0.002109220949932933
30.080652236938477,0.01351131871342659
30.09530520439148,0.016602184623479843
30.109837770462036,0.02781466580927372
30.124284029006958,0.03560980036854744
30.1386821269989,0.005870454013347626
30.153064966201782,0.028635671362280846
30.16743016242981,0.004343127831816673
30.181891441345215,0.008967369794845581
30.196327924728394,0.031876515597105026
30.21069574356079,0.018762968480587006
30.22527265548706,0.010155272670090199
30.239633798599243,0.00667098443955183
30.25413227081299,0.036540254950523376
30.268572092056274,0.013722003437578678
30.28314185142517,0.011030308902263641
30.29760217666626,0.006043736822903156
30.311980724334717,0.04891890659928322
30.326314687728882,0.01546938344836235
30.34084129333496,0.005026677623391151
30.355363845825195,0.008062216453254223
30.369812726974487,0.042232099920511246
30.38420343399048,0.0058312974870204926
30.39859437942505,0.01701486110687256
30.413020610809326,0.041660647839307785
30.427701711654663,0.029839003458619118
30.44211506843567,0.03318304568529129
30.45656991004944,0.011258356273174286
30.470958471298218,0.09270234405994415
30.485392093658447,0.022850822657346725
30.49982976913452,0.054980844259262085
30.514369249343872,0.01712655834853649
30.528730392456055,0.09361666440963745
30.543068408966064,0.02269051782786846
30.557447910308838,0.04467913135886192
30.571776628494263,0.03049580566585064
30.586132049560547,0.026023682206869125
30.600425958633423,0.01451027113944292
30.61485743522644,0.019038066267967224
30.629456520080566,0.004114286508411169
30.64381217956543,0.03683951124548912
30.65813708305359,0.010775665752589703
30.672536373138428,0.026056399568915367
30.687011241912842,0.008071296848356724
30.701480388641357,0.01650928147137165
30.715899229049683,0.005261562764644623
30.730289459228516,0.009894445538520813
30.74471950531006,0.01144447922706604
30.759335041046143,0.009467432275414467
30.773792266845703,0.028887851163744926
30.78822088241577,0.0023575162049382925
30.802652835845947,0.04708980396389961
30.817049264907837,0.010135137476027012
30.831403493881226,0.0334949865937233
30.84580945968628,0.005026163533329964
30.860196828842163,0.013157733716070652
30.87450098991394,0.005387548357248306
30.888996839523315,0.022394776344299316
30.903367042541504,0.007013711147010326
30.917935132980347,0.018795354291796684
30.932295322418213,0.037908729165792465
30.94661521911621,0.01337945181876421
30.960969924926758,0.006236646324396133
30.975422382354736,0.004377711098641157
30.989779949188232,0.013535990379750729
31.004115104675293,0.01668904535472393
31.01848554611206,0.0009707075078040361
31.0329692363739,0.016669947654008865
31.047417640686035,0.013447251170873642
31.06192398071289,0.0447310209274292
31.07635521888733,0.001773814088664949
31.091110467910767,0.015053863637149334
31.105531454086304,0.02176852710545063
31.12000823020935,0.00569929089397192
31.13446855545044,0.001317318296059966
31.148939609527588,0.033301565796136856
31.163346767425537,0.014963840134441853
31.177714586257935,0.003688788041472435
31.19213318824768,0.0027811124455183744
31.20657181739807,0.0014813329325988889
31.220993280410767,0.014151087030768394
31.235466718673706,0.07730965316295624
31.250056505203247,0.04385976120829582
31.26438546180725,0.014854015782475471
31.27880597114563,0.0047739604488015175
31.293254852294922,0.009456425905227661
31.307719945907593,0.011591687798500061
31.32217311859131,0.01863517425954342
31.33663272857666,0.01806684210896492
31.35100769996643,0.044748514890670776
31.36536955833435,0.02120264247059822
31.379825115203857,0.033552542328834534
31.394149780273438,0.007649327162653208
31.40860342979431,0.014736147597432137
31.42306900024414,0.015207156538963318
31.437641859054565,0.013807580806314945
31.452058792114258,0.011515021324157715
31.466371774673462,0.006020474247634411
31.48075008392334,0.013673787005245686
31.495102643966675,0.02223062887787819
31.509580373764038,0.04131413996219635
31.52413249015808,0.018332326784729958
31.538464307785034,0.04933207482099533
31.552977323532104,0.010184722021222115
31.56750512123108,0.012964802794158459
31.581908226013184,0.01572250761091709
31.596330165863037,0.001016317866742611
31.610674142837524,0.002745850244536996
31.625124216079712,0.014659343287348747
31.639516353607178,0.013156423345208168
31.654008865356445,0.010058589279651642
31.668468236923218,0.011152144521474838
31.68284034729004,0.004355490207672119
31.697470664978027,0.01900898665189743
31.711872816085815,0.03760247305035591
31.726229429244995,0.04879548400640488
31.740615606307983,0.006926166359335184
31.755035638809204,0.005109525751322508
31.7694251537323,0.007884003221988678
31.783849000930786,0.05630209669470787
31.79834485054016,0.03221165016293526
31.812888145446777,0.024606799706816673
31.827279329299927,0.005272983107715845
31.84184217453003,0.02278258465230465
31.856426239013672,0.010086406022310257
31.870818614959717,0.034907203167676926
31.885380029678345,0.07753906399011612
31.899882793426514,0.0119407307356596
31.91422963142395,0.0027106620837002993
31.92864465713501,0.05483996123075485
31.943074941635132,0.006741833407431841
31.95748805999756,0.003352865343913436
31.9718234539032,0.05871425196528435
31.986214637756348,0.0075889029540121555
32.00056171417236,0.07061079889535904
32.01493573188782,0.01965913362801075
32.02934122085571,0.06428488343954086
32.04380536079407,0.10925619304180145
32.05819821357727,0.039639126509428024
32.07266330718994,0.01113103423267603
32.086997985839844,0.007153343874961138
32.10155749320984,0.010815585032105446
32.115966796875,0.01611248403787613
32.13026714324951,0.02736261673271656
32.144651651382446,0.030550183728337288
32.15893220901489,0.02421443723142147
32.17332077026367,0.10448253899812698
32.18767285346985,0.03485870361328125
32.20201539993286,0.10837914049625397
32.216453075408936,0.013801131397485733
32.23080635070801,0.008154470473527908
32.24517226219177,0.10458067804574966
32.25951814651489,0.04428306967020035
32.274131774902344,0.007110044825822115
32.28857922554016,0.013933142647147179
32.30293083190918,0.014479025267064571
32.31742191314697,0.047533854842185974
32.33179259300232,0.013010968454182148
32.34643888473511,0.036503784358501434
32.36097526550293,0.033174723386764526
32.37542653083801,0.009340560995042324
32.389972448349,0.011968715116381645
32.40440273284912,0.011450232937932014
32.41886067390442,0.020798809826374054
32.433204889297485,0.0021739567164331675
32.44762063026428,0.0391196645796299
32.46204447746277,0.0452001690864563
32.47641038894653,0.011010860092937946
32.490727186203,0.028862087056040764
32.50523853302002,0.031761206686496735
32.51974415779114,0.02534814178943634
32.53404664993286,0.07409369945526123
32.54844307899475,0.017495129257440567
32.562845945358276,0.013120181858539581
32.57734823226929,0.05332854762673378
32.59175133705139,0.03842158988118172
32.60610246658325,0.005389569327235222
32.62051701545715,0.013743754476308823
32.63494324684143,0.02064509131014347
32.64944863319397,0.030038580298423767
32.66384220123291,0.00959361344575882
32.67822575569153,0.027725964784622192
32.69292449951172,0.01365190651267767
32.70749378204346,0.023257900029420853
32.72196292877197,0.016659317538142204
32.73640203475952,0.0028256678488105536
32.75098896026611,0.020039724186062813
32.76555323600769,0.009256022982299328
32.78018522262573,0.03876464068889618
32.79463839530945,0.014525876380503178
32.809096336364746,0.021842459216713905
32.823917627334595,0.02504860982298851
32.83846950531006,0.036616161465644836
32.85303020477295,0.006955515127629042
32.86750817298889,0.022529978305101395
32.88204765319824,0.04181568697094917
32.896477699279785,0.01780834048986435
32.91083645820618,0.007691182661801577
32.92521786689758,0.02686544880270958
32.93966603279114,0.04456927627325058
32.9540638923645,0.04299178719520569
32.96844029426575,0.0019289522897452116
32.98280477523804,0.005210164003074169
32.9972357749939,0.01178815122693777
33.01171326637268,0.040281351655721664
33.026087284088135,0.03311363607645035
33.04051852226257,0.007604056503623724
33.0548939704895,0.0068987091071903706
33.06959652900696,0.03124074637889862
33.08410882949829,0.04738904535770416
33.0985803604126,0.028623836115002632
33.113003969192505,0.02298162132501602
33.12739062309265,0.02757338434457779
33.141783714294434,0.09456858038902283
33.15623235702515,0.06347513943910599
33.17054891586304,0.03557467833161354
33.184945583343506,0.015410806983709335
33.19953012466431,0.008810993283987045
33.214009284973145,0.011145559139549732
33.22853422164917,0.011655190959572792
33.24292206764221,0.026390928775072098
33.25748634338379,0.010911989957094193
33.272130250930786,0.02522808499634266
33.28649950027466,0.04562276229262352
33.301040172576904,0.007438397500663996
33.31549572944641,0.01141641940921545
33.32986283302307,0.013203153386712074
33.34428000450134,0.01864602044224739
33.358667850494385,0.005681069102138281
33.373096227645874,0.05634457990527153
33.38775897026062,0.04995240271091461
33.402278661727905,0.015291263349354267
33.41671538352966,0.010743718594312668
33.43113708496094,0.020768852904438972
33.44565963745117,0.02445819228887558
33.46010613441467,0.013269857503473759
33.474602699279785,0.06464540958404541
33.48917555809021,0.06945927441120148
33.50366497039795,0.01130562275648117
33.517982482910156,0.0035497616045176983
33.5325140953064,0.05020809546113014
33.54710936546326,0.00783370342105627
33.5614857673645,0.03103756345808506
33.57587647438049,0.022511200979351997
33.59020972251892,0.007749066222459078
33.60460615158081,0.01915648952126503
33.61908507347107,0.05501449108123779
33.633569955825806,0.02530435100197792
33.648014068603516,0.022517917677760124
33.662384271621704,0.011564493179321289
33.67678213119507,0.045030735433101654
33.69113254547119,0.028527533635497093
33.70548963546753,0.070526123046875
33.71987318992615,0.022112974897027016
33.734230279922485,0.017419327050447464
33.74870681762695,0.00718739815056324
33.76311159133911,0.02368960902094841
33.77755403518677,0.008724561892449856
33.792048931121826,0.00761377764865756
33.8064079284668,0.027071485295891762
33.82090973854065,0.008929932489991188
33.83539819717407,0.04892519861459732
33.84980511665344,0.020604168996214867
33.86433744430542,0.15496759116649628
33.87875294685364,0.05031474679708481
33.89328575134277,0.03420361876487732
33.90770936012268,0.014838971197605133
33.922133445739746,0.01614309288561344
33.93652677536011,0.0252861138433218
33.95088243484497,0.015362745150923729
33.9653205871582,0.026068903505802155
33.97971224784851,0.017269711941480637
33.99417066574097,0.004337724298238754
34.0085551738739,0.04274895787239075
34.02286720275879,0.027822643518447876
34.037245750427246,0.015019746497273445
34.05163097381592,0.0032059603836387396
34.06607437133789,0.004616766702383757
34.08041214942932,0.007517855614423752
34.09482216835022,0.007593612186610699
34.10933542251587,0.0888490229845047
34.12375497817993,0.038893308490514755
34.13807153701782,0.009238429367542267
34.15245771408081,0.02439020201563835
34.16691493988037,0.03977055847644806
34.18135952949524,0.0030923495069146156
34.195738554000854,0.006011549383401871
34.210068464279175,0.05133543163537979
34.22445464134216,0.015339813195168972
34.23876881599426,0.003024038625881076
34.25325846672058,0.009146611206233501
34.267802238464355,0.03172323480248451
34.282129526138306,0.04415178298950195
34.296486139297485,0.010043542832136154
34.31083679199219,0.00781833752989769
34.325226068496704,0.034891724586486816
34.3397798538208,0.015078953467309475
34.35435748100281,0.013052994385361671
34.36886477470398,0.01311647891998291
34.38349461555481,0.029598919674754143
34.398005962371826,0.05188748240470886
34.41248965263367,0.019552823156118393
34.427207708358765,0.03279762342572212
34.44195365905762,0.010393896140158176
